id,title,slug,category,ot_nt,bible_reference,story_summary,tags
1,Creation of Light,creation-of-light,Creation & Genesis,OT,Genesis 1:3,A simple coloring page showing God creating light at the very beginning of the Bible.,creation;light;Genesis;Genesis 1:3;Old Testament;beginning;Bible story;God speaks;light rays;kids coloring;simple scene
2,"Sun, Moon, and Stars Creation",sun-moon-and-stars-creation,Creation & Genesis,OT,Genesis 1:14-18,"A coloring page showing the sun, moon, and stars in the sky as part of God's creation.",creation;sun;moon;stars;sky;Genesis;Genesis 1:14-18;Old Testament;celestial;kids coloring;simple shapes;outline
3,Adam Naming the Animals,adam-naming-the-animals,Creation & Genesis,OT,Genesis 2:19-20,Adam sits peacefully while friendly animals gather around him as he gives them names.,Adam;animals;Eden;garden;Genesis;Genesis 2:19-20;Old Testament;lion;sheep;birds;Bible story;kids coloring;friendly animals;simple outlines
4,Adam and Eve in the Garden,adam-and-eve-in-the-garden,Creation & Genesis,OT,Genesis 2:8,Adam and Eve enjoy the beautiful Garden of Eden surrounded by trees and plants.,Adam;Eve;Eden;garden;trees;nature;Genesis;Genesis 2:8;Old Testament;Bible characters;kids coloring;simple scene;outline
5,Tree of Life (Kid-Friendly),tree-of-life-kid-friendly,Creation & Genesis,OT,Genesis 2:9,"A large, beautiful Tree of Life with many leaves and fruit in the middle of a peaceful garden.",tree of life;Eden;garden;tree;fruit;symbol;Genesis;Genesis 2:9;Old Testament;kids coloring;simple;outline
6,Animals in the Garden of Eden,animals-in-the-garden-of-eden,Creation & Genesis,OT,Genesis 2:19,"Friendly animals such as lions, elephants, birds, and sheep relaxing together in the Garden of Eden.",Eden;animals;creation;lion;elephant;birds;sheep;Genesis;Genesis 2:19;Old Testament;kids coloring;friendly animals;outline
7,Serene Garden Waterfall (Pre-Fall),serene-garden-waterfall-pre-fall,Creation & Genesis,OT,Genesis 2:10,"A calm river and waterfall flowing through a lush garden like Eden, with rocks and plants.",Eden;waterfall;river;garden;plants;trees;nature;Genesis;Genesis 2:10;Old Testament;calm scene;kids coloring;outline
8,Noah Building the Ark,noah-building-the-ark,Creation & Genesis,OT,Genesis 6:14,Noah works with tools and wooden boards as he follows God’s instructions to build the ark.,Noah;ark;boat;wood;tools;flood;Genesis;Genesis 6:14;Old Testament;Bible story;kids coloring;simple outlines
9,Noah’s Ark with Animals Entering,noah-s-ark-with-animals-entering,Creation & Genesis,OT,Genesis 7:8-9,"Pairs of animals walk toward Noah’s ark, ready to go aboard two by two.",Noah;ark;animals;pairs;lion;elephants;giraffes;Genesis;Genesis 7:8-9;Old Testament;kids coloring;friendly animals;outline
10,Ark on the Water with a Dove,ark-on-the-water-with-a-dove,Creation & Genesis,OT,Genesis 8:6-12,Noah’s ark floats on the water while a dove flies overhead carrying an olive branch.,ark;Noah;dove;olive branch;boat;water;flood;Genesis;Genesis 8:6-12;Old Testament;peace;kids coloring;outline
11,Rainbow over Noah’s Ark,rainbow-over-noah-s-ark,Creation & Genesis,OT,Genesis 9:13-17,"A colorful rainbow arches over Noah’s ark, reminding us of God’s promise.",rainbow;ark;Noah;promise;covenant;sky;clouds;Genesis;Genesis 9:13-17;Old Testament;kids coloring;simple scene;outline
12,Two Lions Boarding the Ark,two-lions-boarding-the-ark,Creation & Genesis,OT,Genesis 7:8,A pair of friendly lions walk side by side up a ramp to Noah’s ark.,lions;ark;Noah;animals;pair;Genesis;Genesis 7:8;Old Testament;kids coloring;friendly animals;outline
13,Two Elephants Boarding the Ark,two-elephants-boarding-the-ark,Creation & Genesis,OT,Genesis 7:8,Two elephants with long trunks walk together toward Noah’s ark in a kid-friendly style.,elephants;ark;Noah;animals;pair;Genesis;Genesis 7:8;Old Testament;kids coloring;friendly animals;simple outlines
14,Noah Releasing the Dove,noah-releasing-the-dove,Creation & Genesis,OT,Genesis 8:6-12,Noah gently lets a dove fly out of a window of the ark to look for dry land.,Noah;dove;ark;window;olive branch;Genesis;Genesis 8:6-12;Old Testament;Bible story;kids coloring;simple scene;outline
15,Abraham Looking at the Stars,abraham-looking-at-the-stars,Creation & Genesis,OT,Genesis 15:5,Abraham stands under a sky full of stars as he remembers God’s promise to give him many descendants.,Abraham;stars;night sky;promise;Genesis;Genesis 15:5;Old Testament;Bible character;symbolic scene;kids coloring;outline
16,Abraham and Isaac Walking up the Hill,abraham-and-isaac-walking-up-the-hill,Creation & Genesis,OT,Genesis 22:6,"Abraham and Isaac walk together up a hill, carrying wood for a sacrifice, in a gentle kid-friendly style.",Abraham;Isaac;father and son;hill;wood bundle;Genesis;Genesis 22:6;Old Testament;Bible story;kids coloring;simple outlines
17,Abraham Meeting the Three Visitors,abraham-meeting-the-three-visitors,Creation & Genesis,OT,Genesis 18:1-15,"Abraham greets three visitors near his tent, showing kindness and hospitality.",Abraham;visitors;angels;tents;hospitality;Genesis;Genesis 18:1-15;Old Testament;Bible story;kids coloring;simple scene
18,The Well of Hagar and Ishmael,the-well-of-hagar-and-ishmael,Creation & Genesis,OT,Genesis 21:19,"Hagar and Ishmael sit near a well in the desert, thankful for the water God provided.",Hagar;Ishmael;well;water;desert;Genesis;Genesis 21:19;Old Testament;mother and child;Bible story;kids coloring;outline
19,Jacob’s Ladder Dream,jacob-s-ladder-dream,Creation & Genesis,OT,Genesis 28:12,Jacob dreams of a ladder reaching up to heaven with angels going up and down.,Jacob;ladder;angels;dream;heaven;Genesis;Genesis 28:12;Old Testament;symbolic;kids coloring;simple outlines
20,Joseph’s Colorful Coat (Outline Only),joseph-s-colorful-coat-outline-only,Creation & Genesis,OT,Genesis 37:3,Joseph stands wearing his special long coat with many sections that children can color in.,Joseph;coat;robe;family;Genesis;Genesis 37:3;Old Testament;Bible character;kids coloring;simple design;outline
21,Baby Moses in a Basket,baby-moses-in-a-basket,Moses & Exodus,OT,Exodus 2:3,Baby Moses rests safely in a basket among the reeds by the river as God watches over him.,Moses;baby Moses;basket;Nile River;reeds;Exodus;Exodus 2:3;Old Testament;safety;protection;Bible story;kids coloring;simple outlines
22,Burning Bush (Simple Outline),burning-bush-simple-outline,Moses & Exodus,OT,Exodus 3:2,A bush glows with a gentle flame as God speaks to Moses in a miraculous way.,burning bush;Moses;holy ground;flame;miracle;Exodus;Exodus 3:2;Old Testament;Bible story;kids coloring;simple scene;outline
23,Moses Standing with the Staff,moses-standing-with-the-staff,Moses & Exodus,OT,Exodus 4:17,"Moses holds the staff God gave him, ready to lead His people with courage.",Moses;staff;leadership;obedience;Exodus;Exodus 4:17;Old Testament;Bible character;kids coloring;simple outlines
24,Moses Parting the Red Sea,moses-parting-the-red-sea,Moses & Exodus,OT,Exodus 14:21,Moses raises his staff as the waters of the Red Sea part to make a dry path.,Moses;Red Sea;miracle;waters parted;Israelites;escape;Exodus;Exodus 14:21;Old Testament;kids coloring;power of God;outline
25,Israelites Walking Between Parted Waters,israelites-walking-between-parted-waters,Moses & Exodus,OT,Exodus 14:22,Families walk safely on dry ground with tall walls of water on both sides.,Israelites;Red Sea;parted waters;escape;journey;Exodus;Exodus 14:22;Old Testament;kids coloring;simple scene
26,Ten Commandments Tablets,ten-commandments-tablets,Moses & Exodus,OT,Exodus 20:1-17,Two stone tablets show the Ten Commandments God gave to His people.,Ten Commandments;tablets;Moses;law;Mount Sinai;Exodus;Exodus 20:1-17;Old Testament;symbol;Bible basics;kids coloring;outline
27,Moses Striking the Rock for Water,moses-striking-the-rock-for-water,Moses & Exodus,OT,Exodus 17:6,Moses taps a rock with his staff and fresh water flows out for the thirsty people.,Moses;water from rock;miracle;staff;Israelites;desert;Exodus;Exodus 17:6;Old Testament;kids coloring;simple outlines
28,Manna Falling from Heaven,manna-falling-from-heaven,Moses & Exodus,OT,Exodus 16:4,Small flakes of manna fall from the sky as families gather food from the ground.,manna;heavenly bread;Israelites;desert;Exodus;Exodus 16:4;Old Testament;God provides;kids coloring;simple outlines
29,Bronze Serpent on a Pole,bronze-serpent-on-a-pole,Moses & Exodus,OT,Numbers 21:8-9,"A bronze serpent is lifted up on a tall pole, reminding people to look up in faith.",bronze serpent;Moses;healing symbol;wilderness;serpent;Numbers;Numbers 21:8-9;Old Testament;Bible symbol;kids coloring;outline
30,Passover Lamb (Simple Outline),passover-lamb-simple-outline,Moses & Exodus,OT,Exodus 12:3-14,"A gentle lamb represents the first Passover, a special moment in Israel’s story.",Passover;lamb;Israelites;symbolic;sacrifice;Exodus;Exodus 12:3-14;Old Testament;kids coloring;simple outline;Bible story
31,Pharaoh’s Daughter Finding Baby Moses,pharaoh-s-daughter-finding-baby-moses,Moses & Exodus,OT,Exodus 2:5,Pharaoh’s daughter discovers baby Moses in a basket along the riverbank.,Pharaoh's daughter;baby Moses;basket;river;Nile;Exodus;Exodus 2:5;Old Testament;rescue;kids coloring;friendly scene
32,Pillar of Cloud and Fire,pillar-of-cloud-and-fire,Moses & Exodus,OT,Exodus 13:21-22,A tall cloud leads during the day and a glowing pillar of fire guides at night.,pillar of cloud;pillar of fire;Israelites;guidance;desert;Exodus;Exodus 13:21-22;Old Testament;kids coloring;simple scene
33,Moses on Mount Sinai,moses-on-mount-sinai,Moses & Exodus,OT,Exodus 19:20,"Moses stands on Mount Sinai, ready to receive God’s instructions for His people.",Moses;Mount Sinai;clouds;commandments;Exodus;Exodus 19:20;Old Testament;Bible story;kids coloring;outline
34,Moses with Aaron and Hur Lifting His Hands,moses-with-aaron-and-hur-lifting-his-hands,Moses & Exodus,OT,Exodus 17:12,Aaron and Hur help Moses hold up his hands during an important battle.,Moses;Aaron;Hur;support;teamwork;battle scene;Exodus;Exodus 17:12;Old Testament;Bible story;kids coloring;simple outlines
35,Miriam Playing a Tambourine,miriam-playing-a-tambourine,Moses & Exodus,OT,Exodus 15:20-21,Miriam joyfully plays a tambourine while dancing in celebration after crossing the sea.,Miriam;tambourine;dance;celebration;Israelites;Exodus;Exodus 15:20-21;Old Testament;kids coloring;joy;simple outline
36,Israelites Camping in the Desert,israelites-camping-in-the-desert,Moses & Exodus,OT,Exodus 14:19,Families rest in tents under the sky during their journey through the wilderness.,Israelites;camp;tents;desert;journey;Exodus;Exodus 14:19;Old Testament;kids coloring;simple scene;Bible story
37,Moses Holding the Ten Commandments,moses-holding-the-ten-commandments,Moses & Exodus,OT,Exodus 32:15,Moses holds the stone tablets with the Ten Commandments written on them.,Moses;Ten Commandments;tablets;law;Mount Sinai;Exodus;Exodus 32:15;Old Testament;kids coloring;outline
38,Burning Bush Close-Up,burning-bush-close-up,Moses & Exodus,OT,Exodus 3:2-4,"A kid-friendly, close-up view of the bush glowing with God’s presence.",burning bush;Moses;flame;holy ground;miracle;Exodus;Exodus 3:2-4;Old Testament;kids coloring;outline
39,Moses Leading Sheep as a Shepherd,moses-leading-sheep-as-a-shepherd,Moses & Exodus,OT,Exodus 3:1,"Before visiting the burning bush, Moses cares for sheep in the quiet countryside.",Moses;shepherd;sheep;pasture;staff;Exodus;Exodus 3:1;Old Testament;kids coloring;friendly animals;outline
40,Israelites Collecting Manna,israelites-collecting-manna,Moses & Exodus,OT,Exodus 16:14-18,"Men, women, and children gather small flakes of manna from the ground each morning.",manna;Israelites;desert;food;provision;Exodus;Exodus 16:14-18;Old Testament;kids coloring;simple outline
41,Joshua and the Walls of Jericho,joshua-and-the-walls-of-jericho,Joshua to Samuel,OT,Joshua 6:1-20,Joshua leads the Israelites around the walls of Jericho as God prepares to give them victory.,Joshua;Jericho;walls;Israelites;trumpets;marching;victory;Joshua 6:1-20;Old Testament;kids coloring;simple outlines;Bible story
42,Priests Blowing Trumpets Around Jericho,priests-blowing-trumpets-around-jericho,Joshua to Samuel,OT,Joshua 6:6-8,Priests blow ram’s horns while walking around Jericho as God commanded.,priests;trumpets;Jericho;Joshua;ram's horn;marching;Joshua 6:6-8;Old Testament;kids coloring;Bible story;outline
43,Rahab Helping the Spies,rahab-helping-the-spies,Joshua to Samuel,OT,Joshua 2:1-21,Rahab kindly hides two Israelite spies and helps them escape safely.,Rahab;spies;rope;window;Jericho;Joshua;Joshua 2:1-21;Old Testament;rescue;courage;kids coloring;simple scene
44,Gideon with a Trumpet and Jar,gideon-with-a-trumpet-and-jar,Joshua to Samuel,OT,Judges 7:16-18,Gideon holds a trumpet and a clay jar just before surprising the enemy.,Gideon;trumpet;jar;torch;Judges;Judges 7:16-18;Old Testament;courage;kids coloring;outline;Bible hero
45,Samson Pushing the Pillars (Kid-Safe),samson-pushing-the-pillars-kid-safe,Joshua to Samuel,OT,Judges 16:28-30,"Samson stands between two pillars with great strength in a simplified, gentle illustration.",Samson;pillars;strength;Judges;Judges 16:28-30;Old Testament;Bible hero;kids coloring;kid-safe;outline
46,Samson Fighting a Lion,samson-fighting-a-lion,Joshua to Samuel,OT,Judges 14:5-6,A kid-friendly version of Samson bravely facing a lion with God-given strength.,Samson;lion;strength;bravery;Judges;Judges 14:5-6;Old Testament;kids coloring;friendly lion;outline
47,Ruth Gathering Grain,ruth-gathering-grain,Joshua to Samuel,OT,Ruth 2:2-3,Ruth gently gathers grain in a field while trusting God to care for her.,Ruth;grain field;Boaz;gleaning;harvest;Ruth;Ruth 2:2-3;Old Testament;kids coloring;simple outlines;Bible character
48,Ruth and Naomi Walking Together,ruth-and-naomi-walking-together,Joshua to Samuel,OT,Ruth 1:16-17,"Ruth walks beside Naomi, promising to stay with her no matter what.",Ruth;Naomi;friendship;loyalty;journey;Ruth 1:16-17;Old Testament;Bible women;kids coloring;simple scene
49,Young Samuel Serving in the Tabernacle,young-samuel-serving-in-the-tabernacle,Joshua to Samuel,OT,1 Samuel 2:18,Young Samuel wears a little linen robe as he helps in the tabernacle.,Samuel;tabernacle;robe;service;Eli;1 Samuel;1 Samuel 2:18;Old Testament;kids coloring;simple scene;Bible story
50,Samuel Hearing God’s Voice,samuel-hearing-god-s-voice,Joshua to Samuel,OT,1 Samuel 3:1-10,Samuel listens carefully when God calls his name during the night.,Samuel;God calls;voice;tabernacle;Eli;1 Samuel;1 Samuel 3:1-10;Old Testament;kids coloring;bedroom scene;simple outlines
51,David as a Young Shepherd,david-as-a-young-shepherd,Joshua to Samuel,OT,1 Samuel 16:11,Young David watches over his sheep with a gentle shepherd’s heart.,David;shepherd;sheep;pasture;1 Samuel;1 Samuel 16:11;Old Testament;kids coloring;friendly animals;simple outlines
52,David Playing the Harp,david-playing-the-harp,Joshua to Samuel,OT,1 Samuel 16:23,"David plays soft music on his harp, bringing peace to those around him.",David;harp;music;strings;1 Samuel;1 Samuel 16:23;Old Testament;kids coloring;simple outlines;Bible character
53,David with His Sling (Before the Battle),david-with-his-sling-before-the-battle,Joshua to Samuel,OT,1 Samuel 17:40,David holds his sling and chooses five smooth stones while trusting God.,David;sling;stones;faith;Goliath;1 Samuel;1 Samuel 17:40;Old Testament;kids coloring;simple scene
54,David Comforting Sheep,david-comforting-sheep,Joshua to Samuel,OT,Psalm 23:1,"David pets a calm sheep, showing the gentle care of a shepherd.",David;shepherd;sheep;comfort;Psalm 23;Psalm 23:1;Old Testament;kids coloring;friendly animals;simple outlines
55,David Picking Stones from a Stream,david-picking-stones-from-a-stream,Joshua to Samuel,OT,1 Samuel 17:40,David bends down to gather smooth stones from a quiet stream.,David;stream;stones;sling;Goliath;1 Samuel;1 Samuel 17:40;Old Testament;kids coloring;simple outlines
56,Jonathan and David Friendship,jonathan-and-david-friendship,Joshua to Samuel,OT,1 Samuel 18:1-4,"David and Jonathan stand together, showing their strong and loyal friendship.",David;Jonathan;friendship;loyalty;1 Samuel;1 Samuel 18:1-4;Old Testament;kids coloring;Bible characters;simple outlines
57,Hannah Praying at the Temple,hannah-praying-at-the-temple,Joshua to Samuel,OT,1 Samuel 1:9-18,Hannah kneels and prays with a trusting heart inside the temple.,Hannah;prayer;temple;faith;Eli;1 Samuel;1 Samuel 1:9-18;Old Testament;kids coloring;simple outlines
58,Eli and Young Samuel,eli-and-young-samuel,Joshua to Samuel,OT,1 Samuel 3:8-9,"Eli gently talks to Samuel, helping him understand how to listen to God.",Eli;Samuel;tabernacle;listening;mentorship;1 Samuel;1 Samuel 3:8-9;Old Testament;kids coloring;simple scene
59,Ark of the Covenant (Simplified Outline),ark-of-the-covenant-simplified-outline,Joshua to Samuel,OT,Exodus 25:10-22,"A simple, gentle outline of the Ark of the Covenant with its cherubim on top.",Ark of the Covenant;cherubim;symbol;holy;tabernacle;Exodus;Exodus 25:10-22;Old Testament;kids coloring;simple design
60,Samuel Anointing David,samuel-anointing-david,Joshua to Samuel,OT,1 Samuel 16:13,Samuel gently pours oil on young David’s head as God chooses him to be king.,Samuel;David;anointing;oil;shepherd boy;1 Samuel;1 Samuel 16:13;Old Testament;kids coloring;Bible story;simple outlines
61,Solomon Praying for Wisdom,solomon-praying-for-wisdom,"Kings, Prophets & Psalms",OT,1 Kings 3:9,Young King Solomon bows humbly and asks God to give him a wise and understanding heart.,Solomon;wisdom;prayer;king;1 Kings;1 Kings 3:9;Old Testament;Bible story;kids coloring;simple outlines
62,Solomon with a Scroll,solomon-with-a-scroll,"Kings, Prophets & Psalms",OT,Proverbs 1:1,Solomon holds a scroll representing the wise teachings and proverbs he wrote.,Solomon;Proverbs;scroll;wisdom;king;Proverbs 1:1;Old Testament;Bible character;kids coloring;simple scene
63,Elijah Being Fed by Ravens,elijah-being-fed-by-ravens,"Kings, Prophets & Psalms",OT,1 Kings 17:4-6,Ravens bring bread to Elijah as he rests by a quiet stream during a time of need.,Elijah;ravens;bread;stream;provision;1 Kings;1 Kings 17:4-6;Old Testament;kids coloring;simple outlines
64,Elijah’s Chariot (Simple Outline),elijah-s-chariot-simple-outline,"Kings, Prophets & Psalms",OT,2 Kings 2:11,A gentle representation of Elijah’s fiery chariot rising into the sky.,Elijah;chariot;horses;heaven;2 Kings;2 Kings 2:11;Old Testament;symbolic;kids coloring;outline
65,Elisha Helping a Widow with Oil,elisha-helping-a-widow-with-oil,"Kings, Prophets & Psalms",OT,2 Kings 4:1-7,Elisha stands beside a widow as she fills many jars with the oil God miraculously provided.,Elisha;widow;oil;miracle;jars;2 Kings;2 Kings 4:1-7;Old Testament;kids coloring;simple outlines
66,Shunammite Woman and Her Son,shunammite-woman-and-her-son,"Kings, Prophets & Psalms",OT,2 Kings 4:8-17,"The kind Shunammite woman stands with her young son, whom God blessed her with through Elisha’s promise.",Shunammite woman;Elisha;child;promise;family;2 Kings;2 Kings 4:8-17;Old Testament;kids coloring;simple scene
67,Jonah and the Fish (Kid-Friendly),jonah-and-the-fish-kid-friendly,"Kings, Prophets & Psalms",OT,Jonah 1:17,"Jonah stands near a large, friendly-looking fish that God used to rescue him.",Jonah;fish;whale;sea;Jonah 1:17;Old Testament;kids coloring;friendly animals;simple outlines
68,Jonah Praying Inside the Fish,jonah-praying-inside-the-fish,"Kings, Prophets & Psalms",OT,Jonah 2:1,"Jonah kneels in prayer inside the belly of the great fish in a gentle, symbolic style.",Jonah;fish;prayer;sea;Jonah 2:1;Old Testament;kids coloring;simple outlines;Bible story
69,Whale Spouting Water with Jonah Nearby,whale-spouting-water-with-jonah-nearby,"Kings, Prophets & Psalms",OT,Jonah 2–3,A playful whale sprays water as Jonah stands safely on the shore after obeying God.,Jonah;whale;fish;beach;obedience;Jonah 3:1-3;Old Testament;kids coloring;friendly whale;simple outlines
70,Daniel Praying by the Window,daniel-praying-by-the-window,"Kings, Prophets & Psalms",OT,Daniel 6:10,"Daniel kneels in prayer beside an open window, trusting God no matter what.",Daniel;prayer;window;faith;Daniel 6:10;Old Testament;kids coloring;Bible character;simple outlines
71,Daniel in the Lions’ Den (Friendly Lions),daniel-in-the-lions-den-friendly-lions,"Kings, Prophets & Psalms",OT,Daniel 6:22,"Daniel stands safely among gentle, friendly lions as God protects him.",Daniel;lions;protection;miracle;Daniel 6:22;Old Testament;kids coloring;friendly animals;simple outlines
72,Three Friends in the Fiery Furnace (Kid-Safe),three-friends-in-the-fiery-furnace-kid-safe,"Kings, Prophets & Psalms",OT,Daniel 3:24-25,"Shadrach, Meshach, and Abednego stand safely in a gentle, symbolic flame with God’s angel beside them.",Shadrach;Meshach;Abednego;furnace;angel;Daniel 3:24-25;Old Testament;kids coloring;symbolic;simple outlines
73,Esther Approaching the King,esther-approaching-the-king,"Kings, Prophets & Psalms",OT,Esther 5:1-2,Queen Esther bravely walks toward the king to speak up for her people.,Esther;king;courage;throne room;Esther 5:1-2;Old Testament;kids coloring;Bible heroine;simple outlines
74,Esther and Mordecai,esther-and-mordecai,"Kings, Prophets & Psalms",OT,Esther 2:7,"Esther and Mordecai stand together, showing their close and caring relationship.",Esther;Mordecai;family;care;Esther 2:7;Old Testament;kids coloring;Bible characters;simple outlines
75,Nehemiah Rebuilding the Wall,nehemiah-rebuilding-the-wall,"Kings, Prophets & Psalms",OT,Nehemiah 2:18,Nehemiah works with stones and tools to rebuild Jerusalem’s broken wall.,Nehemiah;wall;stones;Jerusalem;tools;building;Nehemiah 2:18;Old Testament;kids coloring;simple outlines
76,Ezra Reading the Law,ezra-reading-the-law,"Kings, Prophets & Psalms",OT,Nehemiah 8:1-3,Ezra stands before the people and reads God’s law with great respect.,Ezra;scroll;reading;crowd;law;Nehemiah 8:1-3;Old Testament;kids coloring;Bible teacher;simple outlines
77,Psalm 23 Shepherd Scene,psalm-23-shepherd-scene,"Kings, Prophets & Psalms",OT,Psalm 23:1-3,"A peaceful shepherd leads sheep beside quiet waters, inspired by Psalm 23.",Psalm 23;shepherd;sheep;quiet waters;pasture;Psalm 23:1-3;Old Testament;kids coloring;friendly animals;simple outlines
78,Cup Running Over (Psalm 23),cup-running-over-psalm-23,"Kings, Prophets & Psalms",OT,Psalm 23:5,A cup overflows gently to symbolize God’s abundant blessings.,Psalm 23;cup;overflow;blessing;symbol;Psalm 23:5;Old Testament;kids coloring;simple outlines
79,"""The Lord is My Shepherd"" Scene",the-lord-is-my-shepherd-scene,"Kings, Prophets & Psalms",OT,Psalm 23:1,A shepherd stands lovingly with his sheep to illustrate Psalm 23's message.,Psalm 23;shepherd;sheep;Psalm 23:1;Old Testament;kids coloring;friendly animals;simple scene
80,Deer by Peaceful Water (Psalm Theme),deer-by-peaceful-water-psalm-theme,"Kings, Prophets & Psalms",OT,Psalm 42:1,A gentle deer drinks from calm waters in a peaceful forest setting.,deer;water;Psalm 42:1;thirsts for God;Old Testament;kids coloring;nature;simple outlines
81,Tower of Babel (Cute Blocks Style),tower-of-babel-cute-blocks-style,Prophets & Visions,OT,Genesis 11:4,"People build a tall tower with block-like stones in a fun, kid-friendly design.",Tower of Babel;blocks;builders;Genesis;Genesis 11:4;Old Testament;kids coloring;simple outlines;Bible story
82,Ezekiel’s Valley of Dry Bones (Kid-Safe),ezekiel-s-valley-of-dry-bones-kid-safe,Prophets & Visions,OT,Ezekiel 37:1-10,A gentle symbolic scene of scattered bones arranged safely to illustrate Ezekiel’s vision.,Ezekiel;valley of dry bones;vision;symbolic;Ezekiel 37:1-10;Old Testament;kids coloring;simple outlines
83,Isaiah’s Coal Vision (Angel with Tongs),isaiah-s-coal-vision-angel-with-tongs,Prophets & Visions,OT,Isaiah 6:6-7,"An angel holds a coal with tongs in a gentle, symbolic depiction of Isaiah’s cleansing vision.",Isaiah;angel;coal;tongs;vision;Isaiah 6:6-7;Old Testament;kids coloring;simple outlines
84,Jeremiah with a Scroll,jeremiah-with-a-scroll,Prophets & Visions,OT,Jeremiah 36:2,Jeremiah holds a scroll containing the messages God gave him for the people.,Jeremiah;scroll;prophet;message;Jeremiah 36:2;Old Testament;kids coloring;simple outlines
85,Zechariah’s Lampstand (Simple Symbols),zechariah-s-lampstand-simple-symbols,Prophets & Visions,OT,Zechariah 4:2,A simplified lampstand with bowls and seven lamps represents Zechariah’s vision.,Zechariah;lampstand;vision;symbol;light;Zechariah 4:2;Old Testament;kids coloring;simple outlines
86,Habakkuk Rejoicing on a Hill,habakkuk-rejoicing-on-a-hill,Prophets & Visions,OT,Habakkuk 3:18,Habakkuk lifts his hands with joy on a hill as he trusts God.,Habakkuk;joy;hill;trust;prophet;Habakkuk 3:18;Old Testament;kids coloring;simple outlines
87,Amos with a Plumb Line,amos-with-a-plumb-line,Prophets & Visions,OT,Amos 7:7-8,Amos stands with a plumb line in a simple scene based on his vision from God.,Amos;plumb line;vision;symbol;Amos 7:7-8;Old Testament;kids coloring;simple outlines
88,Micah’s “Act Justly” Symbol Scene,micah-s-act-justly-symbol-scene,Prophets & Visions,OT,Micah 6:8,"Symbols of kindness, justice, and humility illustrate Micah’s well-known verse.",Micah;Micah 6:8;justice;kindness;humility;Old Testament;kids coloring;symbolic;simple outlines
89,Hosea with a Heart (Symbolic),hosea-with-a-heart-symbolic,Prophets & Visions,OT,Hosea 3:1,Hosea stands beside a heart symbol to show God’s faithful love.,Hosea;heart;love;symbol;Hosea 3:1;Old Testament;kids coloring;simple outlines
90,Prophet Holding a Scroll on a Hill,prophet-holding-a-scroll-on-a-hill,Prophets & Visions,OT,General OT prophetic theme,A gentle silhouette of a prophet standing on a hill holding a scroll.,prophet;scroll;hill;message;Old Testament;kids coloring;simple scene;outline
91,Angel Gabriel Greeting Mary,angel-gabriel-greeting-mary,Nativity & Childhood of Jesus,NT,Luke 1:26-28,The angel Gabriel greets Mary with joyful news that God has a special plan for her.,Gabriel;Mary;angel;announcement;Nazareth;Luke;Luke 1:26-28;New Testament;kids coloring;simple outlines
92,Mary and Joseph Traveling to Bethlehem,mary-and-joseph-traveling-to-bethlehem,Nativity & Childhood of Jesus,NT,Luke 2:4-5,Mary and Joseph walk along the road to Bethlehem as they follow the Roman census orders.,Mary;Joseph;Bethlehem;journey;donkey;Luke;Luke 2:4-5;New Testament;kids coloring;simple scene
93,Nativity Scene (Stable and Animals),nativity-scene-stable-and-animals,Nativity & Childhood of Jesus,NT,Luke 2:7,"Baby Jesus rests in a manger surrounded by Mary, Joseph, and gentle stable animals.",Nativity;Mary;Joseph;baby Jesus;manger;stable;animals;Luke;Luke 2:7;New Testament;kids coloring;friendly animals
94,Baby Jesus in a Manger,baby-jesus-in-a-manger,Nativity & Childhood of Jesus,NT,Luke 2:7,Baby Jesus lies peacefully in a manger filled with soft hay.,baby Jesus;manger;hay;Nativity;Luke 2:7;Luke;New Testament;kids coloring;simple outlines
95,Shepherds Visiting Jesus,shepherds-visiting-jesus,Nativity & Childhood of Jesus,NT,Luke 2:15-16,Shepherds come to the stable to see baby Jesus and worship Him.,shepherds;baby Jesus;Nativity;Bethlehem;Luke;Luke 2:15-16;New Testament;kids coloring;friendly animals
96,Angel Announcing Good News to Shepherds,angel-announcing-good-news-to-shepherds,Nativity & Childhood of Jesus,NT,Luke 2:10-11,An angel appears to the shepherds with joyful news about the Savior’s birth.,angel;shepherds;good news;Bethlehem;Nativity;Luke;Luke 2:10-11;New Testament;kids coloring;simple outlines
97,Three Wise Men Following the Star,three-wise-men-following-the-star,Nativity & Childhood of Jesus,NT,Matthew 2:1-2,The wise men travel on camels as they follow the bright star that leads to Jesus.,wise men;star;camels;journey;gifts;Matthew;Matthew 2:1-2;New Testament;kids coloring;simple outlines
98,Star of Bethlehem Over a Stable,star-of-bethlehem-over-a-stable,Nativity & Childhood of Jesus,NT,Matthew 2:9-10,The Star of Bethlehem shines brightly in the night sky above the quiet stable.,Star of Bethlehem;star;stable;Nativity;Matthew;Matthew 2:9-10;New Testament;kids coloring;simple outlines
99,Simeon Holding Baby Jesus,simeon-holding-baby-jesus,Nativity & Childhood of Jesus,NT,Luke 2:27-32,"Simeon joyfully holds baby Jesus in the temple, thanking God for the promised Savior.",Simeon;baby Jesus;temple;Mary;Joseph;Luke;Luke 2:27-32;New Testament;kids coloring;simple outlines
100,Jesus at Age 12 in the Temple,jesus-at-age-12-in-the-temple,Nativity & Childhood of Jesus,NT,Luke 2:46-47,"Young Jesus speaks with teachers in the temple, amazing them with His understanding.",young Jesus;temple;teachers;wisdom;Luke;Luke 2:46-47;New Testament;kids coloring;simple outlines
101,Joseph as a Carpenter,joseph-as-a-carpenter,Nativity & Childhood of Jesus,NT,Matthew 13:55,Joseph works with wood and tools in his carpenter’s workshop.,Joseph;carpenter;wood;tools;Nazareth;Matthew;Matthew 13:55;New Testament;kids coloring;simple scene
102,Mary Riding a Donkey,mary-riding-a-donkey,Nativity & Childhood of Jesus,NT,Luke 2:4-5,Mary rides gently on a donkey while Joseph leads the way to Bethlehem.,Mary;Joseph;donkey;journey;Bethlehem;Luke;Luke 2:4-5;New Testament;kids coloring;friendly animals
103,Angels Singing Glory,angels-singing-glory,Nativity & Childhood of Jesus,NT,Luke 2:13-14,A group of joyful angels sing praises in the sky on the night Jesus was born.,angels;glory;song;praise;Nativity;Luke;Luke 2:13-14;New Testament;kids coloring;simple outlines
104,Shepherd Boy Playing Flute,shepherd-boy-playing-flute,Nativity & Childhood of Jesus,NT,Luke 2:8,A young shepherd plays a flute while watching over sheep near Bethlehem.,shepherd boy;flute;sheep;Bethlehem;Nativity;Luke;Luke 2:8;New Testament;kids coloring;friendly animals
105,Little Town of Bethlehem Houses,little-town-of-bethlehem-houses,Nativity & Childhood of Jesus,NT,Luke 2:4,A peaceful view of Bethlehem’s simple homes beneath the night sky.,Bethlehem;houses;night sky;Nativity;Luke;Luke 2:4;New Testament;kids coloring;simple scene
106,Camel Caravan with Wise Men,camel-caravan-with-wise-men,Nativity & Childhood of Jesus,NT,Matthew 2:1-2,"The wise men travel on decorated camels through the desert, following the special star.",wise men;camels;caravan;star;journey;Matthew;Matthew 2:1-2;New Testament;kids coloring;friendly animals
107,Escape to Egypt (Holy Family),escape-to-egypt-holy-family,Nativity & Childhood of Jesus,NT,Matthew 2:13-14,"Mary, Joseph, and baby Jesus travel safely on their way to Egypt by night.",Mary;Joseph;baby Jesus;Egypt;journey;donkey;Matthew;Matthew 2:13-14;New Testament;kids coloring;simple outlines
108,Angel Appearing in Joseph’s Dream,angel-appearing-in-joseph-s-dream,Nativity & Childhood of Jesus,NT,Matthew 1:20,An angel appears to Joseph in a dream to reassure him about God’s plan.,angel;Joseph;dream;message;Matthew;Matthew 1:20;New Testament;kids coloring;simple outlines
109,Young Jesus Helping Joseph,young-jesus-helping-joseph,Nativity & Childhood of Jesus,NT,Luke 2:51,A young Jesus helps Joseph with simple carpentry tasks in the workshop.,Jesus;Joseph;carpenter;wood;Nazareth;Luke;Luke 2:51;New Testament;kids coloring;simple outlines
110,Jesus Reading a Scroll as a Child,jesus-reading-a-scroll-as-a-child,Nativity & Childhood of Jesus,NT,Luke 4:16,Jesus reads from a scroll in a simple scene showing His early love for Scripture.,Jesus;scroll;reading;Nazareth;synagogue;Luke;Luke 4:16;New Testament;kids coloring;simple outlines
111,Friendly Cow and Donkey in the Stable,friendly-cow-and-donkey-in-the-stable,Nativity & Childhood of Jesus,NT,Luke 2:7,A gentle cow and donkey stand near the manger on the night Jesus was born.,cow;donkey;stable;Nativity;Bethlehem;Luke;Luke 2:7;New Testament;kids coloring;friendly animals
112,Baby Jesus with Halo Shape (No Facial Details),baby-jesus-with-halo-shape-no-facial-details,Nativity & Childhood of Jesus,NT,Luke 2:7,A simple outline of baby Jesus with a soft halo shape above Him in the manger.,baby Jesus;halo;manger;Nativity;Luke;Luke 2:7;New Testament;kids coloring;simple outlines
113,Manger Close-Up,manger-close-up,Nativity & Childhood of Jesus,NT,Luke 2:7,A close-up illustration of the wooden manger filled with gentle lines of hay.,manger;hay;Nativity;baby Jesus;Luke;Luke 2:7;New Testament;kids coloring;simple outlines
114,"Nativity Animals (Sheep, Cow, Donkey)",nativity-animals-sheep-cow-donkey,Nativity & Childhood of Jesus,NT,Luke 2:7,Friendly stable animals gather near the manger in a kid-friendly scene.,sheep;cow;donkey;animals;stable;Nativity;Luke;Luke 2:7;New Testament;kids coloring;friendly animals
115,Little Drummer Boy (Symbolic),little-drummer-boy-symbolic,Nativity & Childhood of Jesus,NT,Christmas tradition,A young drummer joyfully plays his drum near the manger in a symbolic Christmas scene.,drummer boy;Nativity;drum;Christmas;symbolic;New Testament theme;kids coloring;simple outlines
116,Shepherd Watching Sheep at Night,shepherd-watching-sheep-at-night,Nativity & Childhood of Jesus,NT,Luke 2:8,A shepherd keeps watch over his sheep under the starry night sky.,shepherd;sheep;night sky;Bethlehem;Luke;Luke 2:8;New Testament;kids coloring;friendly animals
117,Bethlehem Star Shining Over Hills,bethlehem-star-shining-over-hills,Nativity & Childhood of Jesus,NT,Matthew 2:9-10,"The bright Bethlehem star shines above rolling hills, guiding the wise men.",Bethlehem star;star;hills;Nativity;Matthew;Matthew 2:9-10;New Testament;kids coloring;simple outlines
118,Mary Caring for Toddler Jesus,mary-caring-for-toddler-jesus,Nativity & Childhood of Jesus,NT,Luke 2:40,Mary lovingly cares for young Jesus as He grows strong and wise.,Mary;Jesus;toddler;motherhood;Nazareth;Luke;Luke 2:40;New Testament;kids coloring;simple outlines
119,Joseph Teaching Jesus Woodworking,joseph-teaching-jesus-woodworking,Nativity & Childhood of Jesus,NT,Matthew 13:55,Joseph shows young Jesus how to work with simple wooden tools.,Joseph;Jesus;carpenter;workshop;wood;Matthew;Matthew 13:55;New Testament;kids coloring;simple outlines
120,Guardian Angel with Child Jesus (Symbolic),guardian-angel-with-child-jesus-symbolic,Nativity & Childhood of Jesus,NT,Matthew 18:10,A gentle angel stands watch beside young Jesus in a symbolic protective scene.,angel;Jesus;guardian;protection;symbolic;Matthew;Matthew 18:10;New Testament;kids coloring;simple outlines
121,Jesus Calling His First Disciples,jesus-calling-his-first-disciples,Jesus' Ministry & Passion,NT,Matthew 4:18-20,Jesus calls Peter and Andrew to follow Him and become fishers of people.,Jesus;Peter;Andrew;disciples;calling;Galilee;Matthew;Matthew 4:18-20;New Testament;kids coloring;simple outlines
122,Jesus Teaching on a Hillside,jesus-teaching-on-a-hillside,Jesus' Ministry & Passion,NT,Matthew 5:1-2,Jesus sits on a hillside and teaches a large crowd gathered to hear Him.,Jesus;teaching;crowd;hillside;Sermon on the Mount;Matthew;Matthew 5:1-2;New Testament;kids coloring
123,Sermon on the Mount (Jesus and Crowd),sermon-on-the-mount-jesus-and-crowd,Jesus' Ministry & Passion,NT,Matthew 5–7,Jesus gently teaches His followers important lessons about love and kindness.,Jesus;sermon;crowd;teaching;mountain;Beatitudes;Matthew;New Testament;kids coloring;simple outlines
124,Jesus Calming the Storm,jesus-calming-the-storm,Jesus' Ministry & Passion,NT,Mark 4:39,Jesus stands in the boat and commands the angry waves to be still.,Jesus;storm;boat;waves;miracle;Mark;Mark 4:39;New Testament;kids coloring
125,Jesus Walking on Water,jesus-walking-on-water,Jesus' Ministry & Passion,NT,Matthew 14:25,Jesus walks calmly across the water toward His disciples’ boat.,Jesus;water;miracle;boat;Matthew;Matthew 14:25;New Testament;kids coloring
126,Peter Stepping Out of the Boat,peter-stepping-out-of-the-boat,Jesus' Ministry & Passion,NT,Matthew 14:28-29,Peter bravely steps out of the boat to walk toward Jesus on the water.,Peter;Jesus;boat;faith;water;Matthew;Matthew 14:28-29;New Testament;kids coloring
127,"Feeding the 5,000 (Loaves and Fish)",feeding-the-5-000-loaves-and-fish,Jesus' Ministry & Passion,NT,John 6:9-11,Jesus blesses a small lunch of bread and fish and multiplies it for a huge crowd.,Jesus;miracle;loaves;fish;boy's lunch;crowd;John;John 6:9-11;New Testament;kids coloring
128,Jesus Healing a Blind Man,jesus-healing-a-blind-man,Jesus' Ministry & Passion,NT,John 9:6-7,"Jesus gently heals a man who could not see, giving him sight.",Jesus;blind man;healing;miracle;John;John 9:6-7;New Testament;kids coloring
129,Jesus Healing a Child,jesus-healing-a-child,Jesus' Ministry & Passion,NT,Mark 5:41-42,Jesus lovingly takes the hand of a child and restores her to health.,Jesus;child;healing;miracle;Mark;Mark 5:41-42;New Testament;kids coloring
130,Jesus Blessing Little Children,jesus-blessing-little-children,Jesus' Ministry & Passion,NT,Mark 10:14-16,Jesus welcomes little children and blesses them with open arms.,Jesus;children;blessing;welcome;Mark;Mark 10:14-16;New Testament;kids coloring
131,Jesus with a Shepherd’s Staff,jesus-with-a-shepherd-s-staff,Jesus' Ministry & Passion,NT,John 10:11,Jesus holds a shepherd’s staff as a symbol that He lovingly cares for His people.,Jesus;shepherd;staff;Good Shepherd;John;John 10:11;New Testament;kids coloring
132,Good Samaritan Helping the Injured Man,good-samaritan-helping-the-injured-man,Jesus' Ministry & Passion,NT,Luke 10:33-34,The Good Samaritan gently helps an injured man on the roadside.,Good Samaritan;injured man;helping;compassion;Luke;Luke 10:33-34;New Testament;kids coloring
133,Samaritan Putting the Man on a Donkey,samaritan-putting-the-man-on-a-donkey,Jesus' Ministry & Passion,NT,Luke 10:34,The Samaritan lifts the man onto his donkey to take him to safety.,Good Samaritan;donkey;help;kindness;Luke;Luke 10:34;New Testament;kids coloring
134,Prodigal Son Returning Home,prodigal-son-returning-home,Jesus' Ministry & Passion,NT,Luke 15:20,The prodigal son walks up the road while his father runs joyfully to meet him.,Prodigal Son;father;welcome;forgiveness;Luke;Luke 15:20;New Testament;kids coloring
135,Father Hugging Prodigal Son,father-hugging-prodigal-son,Jesus' Ministry & Passion,NT,Luke 15:20,The father wraps his arms around his returning son with love and forgiveness.,Prodigal Son;father;hug;forgiveness;Luke;Luke 15:20;New Testament;kids coloring
136,Lost Sheep Being Found,lost-sheep-being-found,Jesus' Ministry & Passion,NT,Luke 15:4-6,The shepherd joyfully finds the lost sheep and carries it home.,shepherd;lost sheep;found;joy;Luke;Luke 15:4-6;New Testament;kids coloring
137,Shepherd Carrying Sheep on Shoulders,shepherd-carrying-sheep-on-shoulders,Jesus' Ministry & Passion,NT,Luke 15:5,The shepherd carries the rescued sheep on his shoulders with a smile.,shepherd;sheep;rescue;joy;Luke;Luke 15:5;New Testament;kids coloring
138,Jesus with a Little Lamb,jesus-with-a-little-lamb,Jesus' Ministry & Passion,NT,John 10:14,Jesus gently holds a little lamb to show His care for everyone.,Jesus;lamb;shepherd;gentle;John;John 10:14;New Testament;kids coloring
139,Jesus Teaching Fishermen,jesus-teaching-fishermen,Jesus' Ministry & Passion,NT,Luke 5:1-3,Jesus teaches fishermen from the boat while people listen from the shore.,Jesus;fishermen;boat;teaching;lake;Luke;Luke 5:1-3;New Testament;kids coloring
140,Miracle of the Large Catch of Fish,miracle-of-the-large-catch-of-fish,Jesus' Ministry & Passion,NT,Luke 5:6,The disciples pull in a net overflowing with fish after Jesus performs a miracle.,fish;boat;miracle;disciples;Luke;Luke 5:6;New Testament;kids coloring
141,Jesus Turning Water into Wine,jesus-turning-water-into-wine,Jesus' Ministry & Passion,NT,John 2:7-9,Jesus performs His first miracle by turning water into wine at a wedding.,Jesus;miracle;wedding;water jars;John;John 2:7-9;New Testament;kids coloring
142,Jesus Calling Zacchaeus Down from the Tree,jesus-calling-zacchaeus-down-from-the-tree,Jesus' Ministry & Passion,NT,Luke 19:5,Jesus looks up and calls Zacchaeus to come down from the sycamore tree.,Zacchaeus;tree;Jesus;calling;Luke;Luke 19:5;New Testament;kids coloring
143,Jesus Visiting Mary and Martha,jesus-visiting-mary-and-martha,Jesus' Ministry & Passion,NT,Luke 10:38-42,"Jesus visits Mary and Martha, who welcome Him warmly into their home.",Mary;Martha;Jesus;home;hospitality;Luke;Luke 10:38-42;New Testament;kids coloring
144,Jesus Raising Jairus’ Daughter (Kid-Friendly),jesus-raising-jairus-daughter-kid-friendly,Jesus' Ministry & Passion,NT,Mark 5:41,"Jesus gently takes the girl’s hand and brings her back to life in a very soft, kid-safe scene.",Jesus;Jairus' daughter;healing;miracle;Mark;Mark 5:41;New Testament;kids coloring
145,Jesus Riding a Donkey on Palm Sunday,jesus-riding-a-donkey-on-palm-sunday,Jesus' Ministry & Passion,NT,Matthew 21:7-9,Jesus rides on a small donkey as crowds cheer and wave palm branches.,Jesus;donkey;palm branches;Palm Sunday;crowd;Matthew;Matthew 21:7-9;New Testament;kids coloring
146,Children Waving Palm Branches,children-waving-palm-branches,Jesus' Ministry & Passion,NT,Matthew 21:8,Happy children wave palm branches to welcome Jesus into Jerusalem.,children;palm branches;Palm Sunday;Jesus;Matthew;Matthew 21:8;New Testament;kids coloring
147,Jesus Washing the Disciples’ Feet,jesus-washing-the-disciples-feet,Jesus' Ministry & Passion,NT,John 13:4-5,Jesus kneels and washes His disciples’ feet to show them how to serve with love.,Jesus;disciples;service;foot washing;John;John 13:4-5;New Testament;kids coloring
148,Last Supper Table (Simple Outline),last-supper-table-simple-outline,Jesus' Ministry & Passion,NT,Luke 22:19-20,Jesus shares bread and cup with His disciples at the Last Supper.,Last Supper;bread;cup;disciples;Jesus;Luke;Luke 22:19-20;New Testament;kids coloring
149,Garden of Gethsemane Prayer Scene,garden-of-gethsemane-prayer-scene,Jesus' Ministry & Passion,NT,Matthew 26:39,Jesus kneels in the quiet garden and prays to His Father.,Jesus;Gethsemane;prayer;garden;Matthew;Matthew 26:39;New Testament;kids coloring
150,Angel Comforting Jesus in the Garden,angel-comforting-jesus-in-the-garden,Jesus' Ministry & Passion,NT,Luke 22:43,An angel appears to strengthen and comfort Jesus during His prayer in the garden.,Jesus;angel;Gethsemane;comfort;Luke;Luke 22:43;New Testament;kids coloring
151,Empty Tomb with Stone Rolled Away,empty-tomb-with-stone-rolled-away,Jesus' Ministry & Passion,NT,Matthew 28:2-6,"The stone is rolled away from the tomb, showing that Jesus is risen.",empty tomb;stone rolled away;resurrection;Jesus;Matthew;Matthew 28:2-6;New Testament;kids coloring
152,Angel at the Empty Tomb,angel-at-the-empty-tomb,Jesus' Ministry & Passion,NT,Matthew 28:2-7,A bright angel sits near the empty tomb and announces the good news.,angel;empty tomb;resurrection;Jesus;Matthew;Matthew 28:2-7;New Testament;kids coloring
153,Women Visiting the Tomb,women-visiting-the-tomb,Jesus' Ministry & Passion,NT,Mark 16:1-6,The women arrive at the tomb early in the morning and find it open.,women;tomb;resurrection;Jesus;Mark;Mark 16:1-6;New Testament;kids coloring
154,Jesus Appearing to Mary Magdalene,jesus-appearing-to-mary-magdalene,Jesus' Ministry & Passion,NT,John 20:14-16,The risen Jesus speaks gently to Mary Magdalene outside the empty tomb.,Mary Magdalene;Jesus;resurrection;garden;John;John 20:14-16;New Testament;kids coloring
155,Road to Emmaus Walk,road-to-emmaus-walk,Jesus' Ministry & Passion,NT,Luke 24:13-15,"Two disciples walk with Jesus along the road, though they do not yet recognize Him.",Emmaus;disciples;walk;Jesus;Luke;Luke 24:13-15;New Testament;kids coloring
156,Jesus Showing His Hands to the Disciples,jesus-showing-his-hands-to-the-disciples,Jesus' Ministry & Passion,NT,Luke 24:39,Jesus shows His hands to the disciples to prove He is truly alive.,Jesus;disciples;resurrection;hands;Luke;Luke 24:39;New Testament;kids coloring
157,Jesus Cooking Fish on the Beach,jesus-cooking-fish-on-the-beach,Jesus' Ministry & Passion,NT,John 21:9-12,Jesus cooks breakfast for His disciples on the quiet seashore.,Jesus;fish;breakfast;beach;disciples;John;John 21:9-12;New Testament;kids coloring
158,Great Commission Scene,great-commission-scene,Jesus' Ministry & Passion,NT,Matthew 28:19-20,Jesus speaks to His disciples on a hill before sending them out to teach the world.,Great Commission;Jesus;disciples;hill;teaching;Matthew;Matthew 28:19-20;New Testament;kids coloring
159,Jesus Ascending in the Clouds,jesus-ascending-in-the-clouds,Jesus' Ministry & Passion,NT,Acts 1:9-11,Jesus rises into the sky while His disciples watch in wonder.,ascension;Jesus;clouds;disciples;Acts;Acts 1:9-11;New Testament;kids coloring
160,Dove Descending (Holy Spirit),dove-descending-holy-spirit,Jesus' Ministry & Passion,NT,Matthew 3:16,"A gentle dove descends from heaven, symbolizing the Holy Spirit at Jesus’ baptism.",Holy Spirit;dove;baptism;Jesus;Matthew;Matthew 3:16;New Testament;kids coloring;symbolic;simple outlines
161,Pentecost Dove and Flames (Kid-Friendly),pentecost-dove-and-flames-kid-friendly,Early Church & Acts,NT,Acts 2:1-4,A gentle dove and small flame shapes symbolize the Holy Spirit coming at Pentecost.,Pentecost;Holy Spirit;dove;flames;upper room;Acts;Acts 2:1-4;New Testament;kids coloring;symbolic;simple outlines
162,Apostles Praying Together,apostles-praying-together,Early Church & Acts,NT,Acts 1:14,The apostles gather in a room and pray together with unity and faith.,apostles;prayer;upper room;unity;Acts;Acts 1:14;New Testament;kids coloring;simple outlines
163,Paul on the Road to Damascus,paul-on-the-road-to-damascus,Early Church & Acts,NT,Acts 9:3-6,A bright light shines around Paul as he meets Jesus on the road to Damascus.,Paul;Damascus;bright light;Jesus;conversion;Acts;Acts 9:3-6;New Testament;kids coloring
164,Paul Escaping in a Basket,paul-escaping-in-a-basket,Early Church & Acts,NT,Acts 9:25,Paul is lowered safely over the city wall in a large basket.,Paul;basket;escape;Damascus;disciples;Acts;Acts 9:25;New Testament;kids coloring;simple outlines
165,Paul Sailing on a Ship,paul-sailing-on-a-ship,Early Church & Acts,NT,Acts 27:1-2,Paul sails across the sea on a wooden ship during his journey.,Paul;ship;sea;journey;voyage;Acts;Acts 27:1-2;New Testament;kids coloring;simple outlines
166,Paul Preaching to Crowds,paul-preaching-to-crowds,Early Church & Acts,NT,Acts 14:1,Paul stands before a group of people and teaches them about Jesus.,Paul;preaching;crowd;teaching;gospel;Acts;Acts 14:1;New Testament;kids coloring
167,Peter Healing a Lame Man,peter-healing-a-lame-man,Early Church & Acts,NT,Acts 3:6-8,Peter helps a man who could not walk rise to his feet through Jesus’ power.,Peter;healing;lame man;miracle;temple gate;Acts;Acts 3:6-8;New Testament;kids coloring
168,Peter Walking Out of Prison with Angel,peter-walking-out-of-prison-with-angel,Early Church & Acts,NT,Acts 12:7-10,An angel leads Peter out of the prison quietly in the night.,Peter;angel;prison;escape;miracle;Acts;Acts 12:7-10;New Testament;kids coloring
169,Early Believers Praying Together,early-believers-praying-together,Early Church & Acts,NT,Acts 2:42,"Early Christians gather to pray, learn, and share fellowship with glad hearts.",believers;prayer;fellowship;Acts;Acts 2:42;New Testament;kids coloring;simple outlines
170,Ethiopian Eunuch in Chariot (Kid-Friendly),ethiopian-eunuch-in-chariot-kid-friendly,Early Church & Acts,NT,Acts 8:27-31,The Ethiopian official rides in his chariot reading Scripture as Philip approaches.,Ethiopian eunuch;Philip;chariot;scroll;Isaiah;Acts;Acts 8:27-31;New Testament;kids coloring
171,Paul Writing Letters,paul-writing-letters,Early Church & Acts,NT,Romans 1:1,Paul sits with a scroll and pen as he writes letters to teach and encourage churches.,Paul;letters;scroll;writing;epistles;Romans;Romans 1:1;New Testament;kids coloring
172,Barnabas Encouraging Someone,barnabas-encouraging-someone,Early Church & Acts,NT,Acts 11:23-24,Barnabas kindly encourages a believer with a warm smile and gentle posture.,Barnabas;encouragement;believers;Acts;Acts 11:23-24;New Testament;kids coloring
173,Early Believers Sharing Food,early-believers-sharing-food,Early Church & Acts,NT,Acts 2:46,The early church members share meals with glad and generous hearts.,believers;sharing;food;community;Acts;Acts 2:46;New Testament;kids coloring
174,Paul and Silas Singing in Jail,paul-and-silas-singing-in-jail,Early Church & Acts,NT,Acts 16:25,Paul and Silas sing praises to God while sitting together in a jail cell.,Paul;Silas;jail;singing;praise;Acts;Acts 16:25;New Testament;kids coloring
175,Lydia by the River,lydia-by-the-river,Early Church & Acts,NT,Acts 16:13-15,Lydia listens to Paul by the riverbank and opens her heart to God’s word.,Lydia;river;Paul;baptism theme;Acts;Acts 16:13-15;New Testament;kids coloring;simple outlines
176,Philip Baptizing the Ethiopian Eunuch,philip-baptizing-the-ethiopian-eunuch,Early Church & Acts,NT,Acts 8:36-38,Philip and the Ethiopian step into the water as Philip baptizes him.,Philip;Ethiopian eunuch;baptism;water;Acts;Acts 8:36-38;New Testament;kids coloring
177,Peter’s Vision of the Sheet of Animals,peter-s-vision-of-the-sheet-of-animals,Early Church & Acts,NT,Acts 10:11-12,Peter sees a sheet lowered from heaven filled with many animals in a symbolic vision.,Peter;vision;animals;sheet;Acts;Acts 10:11-12;New Testament;kids coloring;friendly animals
178,Paul Shipwreck (Kid-Friendly Waves),paul-shipwreck-kid-friendly-waves,Early Church & Acts,NT,Acts 27:41-44,"Paul stands on a wooden ship as it faces strong waves in a gentle, kid-safe scene.",Paul;shipwreck;waves;ship;journey;Acts;Acts 27:41-44;New Testament;kids coloring
179,Paul Wearing Armor of God Imagery,paul-wearing-armor-of-god-imagery,Early Church & Acts,NT,Ephesians 6:10-17,"Paul stands wearing symbolic armor—truth, faith, righteousness, and peace.",Paul;armor of God;shield;helmet;Ephesians;Ephesians 6:10-17;New Testament;kids coloring;symbolic
180,New Jerusalem Symbolic City,new-jerusalem-symbolic-city,Early Church & Acts,NT,Revelation 21:1-4,"A bright, simplified city represents the New Jerusalem with shining gates and light.",New Jerusalem;city;Revelation;Revelation 21:1-4;symbolic;heaven;New Testament;kids coloring;simple outlines
181,Sheep Flock with Shepherd,sheep-flock-with-shepherd,Animals & Nature,OT,Psalm 23:1,A gentle shepherd stands with a calm flock of sheep in a peaceful pasture.,sheep;shepherd;Psalm 23;Psalm 23:1;pasture;Old Testament;kids coloring;friendly animals
182,Lion with Crown (Symbol of Judah),lion-with-crown-symbol-of-judah,Animals & Nature,OT,Genesis 49:9-10,"A friendly lion sits proudly wearing a small crown, symbolizing the tribe of Judah.",lion;Judah;crown;Genesis;Genesis 49:9-10;Old Testament;kids coloring;symbolic
183,Ox and Donkey,ox-and-donkey,Animals & Nature,OT,Isaiah 1:3,A gentle ox and donkey stand side by side in a kid-friendly stable scene.,ox;donkey;animals;Isaiah;Isaiah 1:3;Old Testament;kids coloring;friendly animals
184,Whale (for Jonah Scenes),whale-for-jonah-scenes,Animals & Nature,OT,Jonah 1:17,"A large, playful whale swims with a friendly expression, inspired by Jonah’s story.",whale;fish;Jonah;sea;Jonah 1:17;Old Testament;kids coloring;friendly animals
185,Dove with Olive Branch,dove-with-olive-branch,Animals & Nature,OT,Genesis 8:11,"A peaceful dove carries an olive branch, symbolizing God’s promise after the flood.",dove;olive branch;Noah;ark;peace;Genesis;Genesis 8:11;Old Testament;kids coloring
186,Camel with Blankets,camel-with-blankets,Animals & Nature,OT,Genesis 24:10,"A decorated camel carries soft blankets, often used in long desert journeys.",camel;blankets;desert;travel;Genesis;Genesis 24:10;Old Testament;kids coloring;friendly animals
187,Fish and Bread Basket,fish-and-bread-basket,Animals & Nature,NT,Matthew 14:17-20,A simple basket filled with fish and bread represents Jesus’ miracle feeding the crowd.,"fish;bread;basket;miracle;Feeding the 5,000;Matthew;Matthew 14:17-20;New Testament;kids coloring"
188,Friendly Lion in the Den,friendly-lion-in-the-den,Animals & Nature,OT,Daniel 6:22,"A gentle lion sits calmly in the den, inspired by Daniel’s story.",lion;Daniel;den;friendly animals;Daniel 6:22;Old Testament;kids coloring
189,Two Birds Feeding Chicks,two-birds-feeding-chicks,Animals & Nature,OT,Psalm 84:3,Two parent birds feed their little chicks in a nest high on a branch.,birds;nest;chicks;Psalm;Psalm 84:3;Old Testament;kids coloring
190,Donkey with Big Ears,donkey-with-big-ears,Animals & Nature,NT,Matthew 21:7,"A friendly donkey with big ears stands ready, inspired by Jesus’ Palm Sunday entry.",donkey;Jesus;Palm Sunday;Matthew;Matthew 21:7;New Testament;kids coloring;friendly animals
191,Rooster Crowing,rooster-crowing,Animals & Nature,NT,Matthew 26:74-75,A rooster stands on a fence crowing loudly in a simple farm scene.,rooster;Peter;crow;farm;Matthew;Matthew 26:74-75;New Testament;kids coloring
192,Turtle Dove Pair,turtle-dove-pair,Animals & Nature,NT,Luke 2:24,"A pair of gentle turtle doves sit together, inspired by Mary and Joseph’s temple offering.",turtle doves;birds;Mary;Joseph;temple;Luke;Luke 2:24;New Testament;kids coloring
193,Birds in the Parable of the Sower,birds-in-the-parable-of-the-sower,Animals & Nature,NT,Matthew 13:4,"Birds peck at seeds along a path, illustrating part of Jesus’ parable.",birds;seeds;path;parable;Sower;Matthew;Matthew 13:4;New Testament;kids coloring
194,Ants Carrying Grain,ants-carrying-grain,Animals & Nature,OT,Proverbs 6:6-8,A line of hardworking ants carry tiny grains in a simple nature scene.,ants;grain;work;Proverbs;Proverbs 6:6-8;Old Testament;kids coloring;simple outlines
195,Bees Around a Flower,bees-around-a-flower,Animals & Nature,OT,Exodus 3:8,"Bees buzz gently around a flower, symbolizing the promised land flowing with honey.",bees;flower;honey;promised land;Exodus;Exodus 3:8;Old Testament;kids coloring
196,Cross with Flowers,cross-with-flowers,Symbols & Simple Scenes,NT,1 Corinthians 1:18,A simple cross decorated with gentle flowers represents hope and new life.,cross;flowers;symbol;hope;1 Corinthians 1:18;New Testament;kids coloring;simple outlines
197,Empty Tomb with Sunrise,empty-tomb-with-sunrise,Symbols & Simple Scenes,NT,Luke 24:1-3,"A peaceful sunrise rises behind the empty tomb, symbolizing Jesus’ resurrection.",empty tomb;sunrise;resurrection;Jesus;Luke;Luke 24:1-3;New Testament;kids coloring
198,Olive Branch,olive-branch,Symbols & Simple Scenes,OT,Genesis 8:11,A simple olive branch represents peace and God’s promise after the flood.,olive branch;dove;peace;Noah;Genesis;Genesis 8:11;Old Testament;kids coloring;symbolic
199,Bible with Rays (Simple Outline),bible-with-rays-simple-outline,Symbols & Simple Scenes,NT,Psalm 119:105,A Bible with soft rays shining behind it represents God’s Word bringing light.,Bible;rays;light;Psalm;Psalm 119:105;New Testament theme;kids coloring;symbolic
200,Heart and Cross (Christian Symbol),heart-and-cross-christian-symbol,Symbols & Simple Scenes,NT,John 3:16,A heart and cross show God’s love for the world in a simple and friendly symbol.,heart;cross;love;Jesus;John 3:16;New Testament;kids coloring;simple outlines
